-- CATEGORIES
INSERT INTO public.categories (id, name, key, user_id, created_at) VALUES ('c51b5486-6893-4ddc-860f-da2de7a8e71f', '???? Kit Completo', 'completo', '89da5a46-9d55-4213-9656-054ecf38a73d', '2026-03-19T12:07:45.706372+00:00') ON CONFLICT (id) DO NOTHING;
INSERT INTO public.categories (id, name, key, user_id, created_at) VALUES ('363e8042-e7b7-4319-aeb4-eca11f9619f1', '??? Kit Simples', 'simples', '89da5a46-9d55-4213-9656-054ecf38a73d', '2026-03-19T12:07:45.706372+00:00') ON CONFLICT (id) DO NOTHING;
INSERT INTO public.categories (id, name, key, user_id, created_at) VALUES ('37ada893-a2c0-4553-8aa6-f3dd195ecc37', '???? Mercedes Sprinter', 'mercedes-sprinter', '89da5a46-9d55-4213-9656-054ecf38a73d', '2026-03-19T12:07:45.706372+00:00') ON CONFLICT (id) DO NOTHING;
INSERT INTO public.categories (id, name, key, user_id, created_at) VALUES ('72b75ec1-b0c1-47dc-b14a-5a4812f53870', '???? Fiat Ducato', 'fiat-ducato', '89da5a46-9d55-4213-9656-054ecf38a73d', '2026-03-19T12:07:45.706372+00:00') ON CONFLICT (id) DO NOTHING;
INSERT INTO public.categories (id, name, key, user_id, created_at) VALUES ('a8482662-77c1-4f63-9bae-1cd2701ddc38', '???? Acess??rio', 'acessorio', '89da5a46-9d55-4213-9656-054ecf38a73d', '2026-03-19T12:07:45.706372+00:00') ON CONFLICT (id) DO NOTHING;
INSERT INTO public.categories (id, name, key, user_id, created_at) VALUES ('51fa374c-bd7b-478f-b6f1-0dd1d4fa8b72', '???? Pe??as & Consum??veis', 'consumivel', '89da5a46-9d55-4213-9656-054ecf38a73d', '2026-03-19T12:07:45.706372+00:00') ON CONFLICT (id) DO NOTHING;
INSERT INTO public.categories (id, name, key, user_id, created_at) VALUES ('2899eee9-54e7-4237-9638-f5b146cafa13', '???? Iveco Daily', 'iveco-daily', null, '2026-03-23T14:55:21.779126+00:00') ON CONFLICT (id) DO NOTHING;
INSERT INTO public.categories (id, name, key, user_id, created_at) VALUES ('d38a4bed-78cc-46fe-8854-ef7d748e0c92', '???? Renault Master', 'renault-master', null, '2026-03-23T14:55:21.779126+00:00') ON CONFLICT (id) DO NOTHING;
INSERT INTO public.categories (id, name, key, user_id, created_at) VALUES ('193aad8f-7c69-4b75-889d-32d698798d0f', '???? Citroen Jumper', 'citroen-jumper', null, '2026-03-23T14:55:21.779126+00:00') ON CONFLICT (id) DO NOTHING;
INSERT INTO public.categories (id, name, key, user_id, created_at) VALUES ('012f0c40-3d8f-4bb6-8fb6-0cb28f56b215', '???? Peugeot Boxer', 'peugeot-boxer', null, '2026-03-23T14:55:21.779126+00:00') ON CONFLICT (id) DO NOTHING;
INSERT INTO public.categories (id, name, key, user_id, created_at) VALUES ('95268148-861e-496b-bbdf-2c59083d3602', '???? Volkswagen Kombi', 'vw-kombi', null, '2026-03-23T14:55:21.779126+00:00') ON CONFLICT (id) DO NOTHING;
INSERT INTO public.categories (id, name, key, user_id, created_at) VALUES ('8c7d43bf-3974-4075-81a5-d36378c6b78a', '???? Ford Transit', 'ford-transit', null, '2026-03-23T14:55:21.779126+00:00') ON CONFLICT (id) DO NOTHING;
INSERT INTO public.categories (id, name, key, user_id, created_at) VALUES ('7801847f-d889-43e2-94d9-82e0ce6ad038', '???? Kia Besta', 'kia-besta', null, '2026-03-23T14:55:21.779126+00:00') ON CONFLICT (id) DO NOTHING;
INSERT INTO public.categories (id, name, key, user_id, created_at) VALUES ('1ff7ae49-cd87-49d9-9e19-37f861227ab9', '???? Peugeot Expert', 'peugeot-expert', null, '2026-03-23T14:55:21.779126+00:00') ON CONFLICT (id) DO NOTHING;
INSERT INTO public.categories (id, name, key, user_id, created_at) VALUES ('308ce963-d28c-4ca7-b220-c6ab98c5ecca', '???? Citroen Jumpy', 'citroen-jumpy', null, '2026-03-23T14:55:21.779126+00:00') ON CONFLICT (id) DO NOTHING;
INSERT INTO public.categories (id, name, key, user_id, created_at) VALUES ('e26ac1cd-61df-4fae-84d8-a693ba4eefc7', '???? Fiat Scudo', 'fiat-scudo', null, '2026-03-23T14:55:21.779126+00:00') ON CONFLICT (id) DO NOTHING;

-- SUBCATEGORIES
INSERT INTO public.subcategories (id, name, key, category_id, user_id) VALUES ('50de954b-ad89-45d0-968c-bf67fb12de78', 'Com Sensor', 'undefined', 'c51b5486-6893-4ddc-860f-da2de7a8e71f', '89da5a46-9d55-4213-9656-054ecf38a73d') ON CONFLICT (id) DO NOTHING;
INSERT INTO public.subcategories (id, name, key, category_id, user_id) VALUES ('bfbb17ea-c190-49ea-80b3-ef522667b322', 'Sem Sensor', 'undefined', 'c51b5486-6893-4ddc-860f-da2de7a8e71f', '89da5a46-9d55-4213-9656-054ecf38a73d') ON CONFLICT (id) DO NOTHING;
INSERT INTO public.subcategories (id, name, key, category_id, user_id) VALUES ('e2c4ed42-a603-40d5-a3be-d3d67098d653', 'Motor Econ??mico', 'undefined', '363e8042-e7b7-4319-aeb4-eca11f9619f1', '89da5a46-9d55-4213-9656-054ecf38a73d') ON CONFLICT (id) DO NOTHING;
INSERT INTO public.subcategories (id, name, key, category_id, user_id) VALUES ('4ec22d86-22aa-49b9-8097-035374daa1e4', 'Kit Essencial', 'undefined', '363e8042-e7b7-4319-aeb4-eca11f9619f1', '89da5a46-9d55-4213-9656-054ecf38a73d') ON CONFLICT (id) DO NOTHING;
INSERT INTO public.subcategories (id, name, key, category_id, user_id) VALUES ('2ee1238a-414e-476e-8685-baee744de504', 'Com Sensor', 'undefined', '72b75ec1-b0c1-47dc-b14a-5a4812f53870', '89da5a46-9d55-4213-9656-054ecf38a73d') ON CONFLICT (id) DO NOTHING;
INSERT INTO public.subcategories (id, name, key, category_id, user_id) VALUES ('71d0304f-6856-4ffb-80ec-ca6438303ea7', 'Sem Sensor', 'undefined', '72b75ec1-b0c1-47dc-b14a-5a4812f53870', '89da5a46-9d55-4213-9656-054ecf38a73d') ON CONFLICT (id) DO NOTHING;
INSERT INTO public.subcategories (id, name, key, category_id, user_id) VALUES ('234c43c2-d78f-4bbf-a7f4-550e47150014', 'ABNT', 'undefined', '72b75ec1-b0c1-47dc-b14a-5a4812f53870', '89da5a46-9d55-4213-9656-054ecf38a73d') ON CONFLICT (id) DO NOTHING;
INSERT INTO public.subcategories (id, name, key, category_id, user_id) VALUES ('99875fd7-9492-4bf9-8a18-300d7297a0ca', 'Motores', 'undefined', 'a8482662-77c1-4f63-9bae-1cd2701ddc38', '89da5a46-9d55-4213-9656-054ecf38a73d') ON CONFLICT (id) DO NOTHING;
INSERT INTO public.subcategories (id, name, key, category_id, user_id) VALUES ('ca9d8d9e-695c-4c85-85c1-14579851ba91', 'Sensores', 'undefined', 'a8482662-77c1-4f63-9bae-1cd2701ddc38', '89da5a46-9d55-4213-9656-054ecf38a73d') ON CONFLICT (id) DO NOTHING;
INSERT INTO public.subcategories (id, name, key, category_id, user_id) VALUES ('143711e7-e8f0-4990-8c38-aee995d0f7f2', 'Cremalheira', 'undefined', 'a8482662-77c1-4f63-9bae-1cd2701ddc38', '89da5a46-9d55-4213-9656-054ecf38a73d') ON CONFLICT (id) DO NOTHING;
INSERT INTO public.subcategories (id, name, key, category_id, user_id) VALUES ('2c97248e-25fc-46f3-ad75-954dcee6c242', 'Controle', 'undefined', 'a8482662-77c1-4f63-9bae-1cd2701ddc38', '89da5a46-9d55-4213-9656-054ecf38a73d') ON CONFLICT (id) DO NOTHING;
INSERT INTO public.subcategories (id, name, key, category_id, user_id) VALUES ('a456957d-0cb6-44a0-bf7a-bd3a728940dd', '??leo', 'undefined', '51fa374c-bd7b-478f-b6f1-0dd1d4fa8b72', '89da5a46-9d55-4213-9656-054ecf38a73d') ON CONFLICT (id) DO NOTHING;
INSERT INTO public.subcategories (id, name, key, category_id, user_id) VALUES ('e325d107-1bff-494e-a621-6e35e0c1814a', 'Limpador', 'undefined', '51fa374c-bd7b-478f-b6f1-0dd1d4fa8b72', '89da5a46-9d55-4213-9656-054ecf38a73d') ON CONFLICT (id) DO NOTHING;
INSERT INTO public.subcategories (id, name, key, category_id, user_id) VALUES ('6c68fba3-f6b3-419b-80b9-b421d9149028', 'Graxa', 'undefined', '51fa374c-bd7b-478f-b6f1-0dd1d4fa8b72', '89da5a46-9d55-4213-9656-054ecf38a73d') ON CONFLICT (id) DO NOTHING;
INSERT INTO public.subcategories (id, name, key, category_id, user_id) VALUES ('985c49d5-4029-463b-ab09-c1344d034d6c', 'Filtro', 'undefined', '51fa374c-bd7b-478f-b6f1-0dd1d4fa8b72', '89da5a46-9d55-4213-9656-054ecf38a73d') ON CONFLICT (id) DO NOTHING;
INSERT INTO public.subcategories (id, name, key, category_id, user_id) VALUES ('8bf246e1-2380-49fd-a411-40f3c7d7646a', 'Com Sensor', 'undefined', '37ada893-a2c0-4553-8aa6-f3dd195ecc37', null) ON CONFLICT (id) DO NOTHING;
INSERT INTO public.subcategories (id, name, key, category_id, user_id) VALUES ('54a50fe7-6314-4f96-ad6f-0a80809b5f07', 'Sem Sensor', 'undefined', '37ada893-a2c0-4553-8aa6-f3dd195ecc37', null) ON CONFLICT (id) DO NOTHING;
INSERT INTO public.subcategories (id, name, key, category_id, user_id) VALUES ('42bd050a-0b75-4d4c-b0d0-0a4735198dd7', 'Com Sensor', 'undefined', '2899eee9-54e7-4237-9638-f5b146cafa13', null) ON CONFLICT (id) DO NOTHING;
INSERT INTO public.subcategories (id, name, key, category_id, user_id) VALUES ('384a2fea-8e74-490d-a3fa-5b2e448b8397', 'Sem Sensor', 'undefined', '2899eee9-54e7-4237-9638-f5b146cafa13', null) ON CONFLICT (id) DO NOTHING;
INSERT INTO public.subcategories (id, name, key, category_id, user_id) VALUES ('58f2ed69-e435-4fd9-98da-4635ccb28045', 'Com Sensor', 'undefined', 'd38a4bed-78cc-46fe-8854-ef7d748e0c92', null) ON CONFLICT (id) DO NOTHING;
INSERT INTO public.subcategories (id, name, key, category_id, user_id) VALUES ('b3d4a636-fabb-4f3b-972b-0839c75464db', 'Sem Sensor', 'undefined', 'd38a4bed-78cc-46fe-8854-ef7d748e0c92', null) ON CONFLICT (id) DO NOTHING;
INSERT INTO public.subcategories (id, name, key, category_id, user_id) VALUES ('267b65f2-76cd-4276-b6fe-786513d4358e', 'Com Sensor', 'undefined', '193aad8f-7c69-4b75-889d-32d698798d0f', null) ON CONFLICT (id) DO NOTHING;
INSERT INTO public.subcategories (id, name, key, category_id, user_id) VALUES ('8891002f-75f2-4b89-8640-29e1aa4f29e0', 'Sem Sensor', 'undefined', '193aad8f-7c69-4b75-889d-32d698798d0f', null) ON CONFLICT (id) DO NOTHING;
INSERT INTO public.subcategories (id, name, key, category_id, user_id) VALUES ('78c8a58e-b9ff-4ce4-8de5-45ee5c710e16', 'Com Sensor', 'undefined', '012f0c40-3d8f-4bb6-8fb6-0cb28f56b215', null) ON CONFLICT (id) DO NOTHING;
INSERT INTO public.subcategories (id, name, key, category_id, user_id) VALUES ('c5c02d5c-a313-4b89-a5cd-0230974afbc8', 'Sem Sensor', 'undefined', '012f0c40-3d8f-4bb6-8fb6-0cb28f56b215', null) ON CONFLICT (id) DO NOTHING;
INSERT INTO public.subcategories (id, name, key, category_id, user_id) VALUES ('1c560270-3012-41f7-9b7e-e0ad70882d1e', 'Com Sensor', 'undefined', '95268148-861e-496b-bbdf-2c59083d3602', null) ON CONFLICT (id) DO NOTHING;
INSERT INTO public.subcategories (id, name, key, category_id, user_id) VALUES ('00193a0d-6e5d-4a37-a8be-87c9a9d3c6b3', 'Sem Sensor', 'undefined', '95268148-861e-496b-bbdf-2c59083d3602', null) ON CONFLICT (id) DO NOTHING;
INSERT INTO public.subcategories (id, name, key, category_id, user_id) VALUES ('28ab56b3-7b61-40a3-ac2a-5072bd63e9bf', 'Com Sensor', 'undefined', '8c7d43bf-3974-4075-81a5-d36378c6b78a', null) ON CONFLICT (id) DO NOTHING;
INSERT INTO public.subcategories (id, name, key, category_id, user_id) VALUES ('d3133db2-02d5-4c7c-ae7c-b23d0479ab75', 'Sem Sensor', 'undefined', '8c7d43bf-3974-4075-81a5-d36378c6b78a', null) ON CONFLICT (id) DO NOTHING;
INSERT INTO public.subcategories (id, name, key, category_id, user_id) VALUES ('0e4f569c-4475-4e9c-943c-da4e87c1d883', 'Com Sensor', 'undefined', '7801847f-d889-43e2-94d9-82e0ce6ad038', null) ON CONFLICT (id) DO NOTHING;
INSERT INTO public.subcategories (id, name, key, category_id, user_id) VALUES ('915dc394-d034-40f4-80f1-179688c04a74', 'Sem Sensor', 'undefined', '7801847f-d889-43e2-94d9-82e0ce6ad038', null) ON CONFLICT (id) DO NOTHING;
INSERT INTO public.subcategories (id, name, key, category_id, user_id) VALUES ('abbb4be2-d61b-4317-97bf-8ce4d669f5b7', 'Com Sensor', 'undefined', '1ff7ae49-cd87-49d9-9e19-37f861227ab9', null) ON CONFLICT (id) DO NOTHING;
INSERT INTO public.subcategories (id, name, key, category_id, user_id) VALUES ('d1b3b9cd-463c-4f6b-8d9d-83bc3a147e13', 'Sem Sensor', 'undefined', '1ff7ae49-cd87-49d9-9e19-37f861227ab9', null) ON CONFLICT (id) DO NOTHING;
INSERT INTO public.subcategories (id, name, key, category_id, user_id) VALUES ('1b0e7ed3-1306-48d6-b8d5-c2d6d4a77d3e', 'Com Sensor', 'undefined', '308ce963-d28c-4ca7-b220-c6ab98c5ecca', null) ON CONFLICT (id) DO NOTHING;
INSERT INTO public.subcategories (id, name, key, category_id, user_id) VALUES ('4a2b42f4-afe3-4b45-83d0-714c153a692b', 'Sem Sensor', 'undefined', '308ce963-d28c-4ca7-b220-c6ab98c5ecca', null) ON CONFLICT (id) DO NOTHING;
INSERT INTO public.subcategories (id, name, key, category_id, user_id) VALUES ('5606cce6-d204-4b2f-8b40-df9d0c40a6f4', 'Com Sensor', 'undefined', 'e26ac1cd-61df-4fae-84d8-a693ba4eefc7', null) ON CONFLICT (id) DO NOTHING;
INSERT INTO public.subcategories (id, name, key, category_id, user_id) VALUES ('4ae0060b-4258-40f1-b3b7-47bb9123a565', 'Sem Sensor', 'undefined', 'e26ac1cd-61df-4fae-84d8-a693ba4eefc7', null) ON CONFLICT (id) DO NOTHING;
INSERT INTO public.subcategories (id, name, key, category_id, user_id) VALUES ('12491f04-67ff-463d-b15f-b48875848ce6', 'Com Sensor', 'undefined', '363e8042-e7b7-4319-aeb4-eca11f9619f1', null) ON CONFLICT (id) DO NOTHING;
INSERT INTO public.subcategories (id, name, key, category_id, user_id) VALUES ('a0e75ae8-e256-4f05-9595-c27966e44664', 'Sem Sensor', 'undefined', '363e8042-e7b7-4319-aeb4-eca11f9619f1', null) ON CONFLICT (id) DO NOTHING;
INSERT INTO public.subcategories (id, name, key, category_id, user_id) VALUES ('2e50fa15-364e-48fa-9665-a516a0ec7cb8', 'Com Sensor', 'undefined', 'a8482662-77c1-4f63-9bae-1cd2701ddc38', null) ON CONFLICT (id) DO NOTHING;
INSERT INTO public.subcategories (id, name, key, category_id, user_id) VALUES ('db52efcb-e37f-4bf9-9ea5-bf90630aaa9f', 'Sem Sensor', 'undefined', 'a8482662-77c1-4f63-9bae-1cd2701ddc38', null) ON CONFLICT (id) DO NOTHING;
INSERT INTO public.subcategories (id, name, key, category_id, user_id) VALUES ('c256e38a-afe8-49c0-89db-3c0108d7f703', 'Com Sensor', 'undefined', '51fa374c-bd7b-478f-b6f1-0dd1d4fa8b72', null) ON CONFLICT (id) DO NOTHING;
INSERT INTO public.subcategories (id, name, key, category_id, user_id) VALUES ('334e4b1c-e1da-450c-97b9-2c33d0bbc407', 'Sem Sensor', 'undefined', '51fa374c-bd7b-478f-b6f1-0dd1d4fa8b72', null) ON CONFLICT (id) DO NOTHING;

-- PRODUCTS
INSERT INTO public.products (id, name, description, price, image_url, category_id, subcategory_id, stock, active, user_id, display_order, metadata) VALUES ('32253495-1829-45a5-895c-a8ee4c2f0a70', '???? KIT DAILY - SEM SENSOR', 'Kit completo para automa????o de porta lateral da Iveco Daily nova, garantindo praticidade e seguran??a no uso di??rio.', 1650, 'undefined', 'undefined', null, 10, undefined, '5e3830b4-f0b8-476f-8c9c-69510e0d6fe3', 0, null) ON CONFLICT (id) DO NOTHING;
INSERT INTO public.products (id, name, description, price, image_url, category_id, subcategory_id, stock, active, user_id, display_order, metadata) VALUES ('8e75c8df-2df6-4af6-b6d2-a42ee71a06d5', '???? KIT SPRINTER - SEM SENSOR', 'Sistema de automa????o para porta lateral da Sprinter antiga.', 1650, 'undefined', 'undefined', null, 10, undefined, '5e3830b4-f0b8-476f-8c9c-69510e0d6fe3', 0, null) ON CONFLICT (id) DO NOTHING;
INSERT INTO public.products (id, name, description, price, image_url, category_id, subcategory_id, stock, active, user_id, display_order, metadata) VALUES ('7861f9fb-b50e-44e8-a158-aa487979e3d7', '???? KIT JUMPER - SEM SENSOR', 'Sistema de automa????o para porta lateral da Citroen Jumper, proporcionando abertura autom??tica com seguran??a e conforto.', 1850, 'undefined', 'undefined', null, 10, undefined, '5e3830b4-f0b8-476f-8c9c-69510e0d6fe3', 0, null) ON CONFLICT (id) DO NOTHING;
INSERT INTO public.products (id, name, description, price, image_url, category_id, subcategory_id, stock, active, user_id, display_order, metadata) VALUES ('ac2054a9-b92d-436a-b805-e7fab367b6bb', '???? KIT BOXER - SEM SENSOR', 'Sistema de automa????o para porta lateral da Peugeot Boxer, proporcionando abertura autom??tica com seguran??a e conforto.', 1650, 'undefined', 'undefined', null, 10, undefined, '5e3830b4-f0b8-476f-8c9c-69510e0d6fe3', 0, null) ON CONFLICT (id) DO NOTHING;
INSERT INTO public.products (id, name, description, price, image_url, category_id, subcategory_id, stock, active, user_id, display_order, metadata) VALUES ('7eb9a545-9a82-42bf-a352-c72624088d05', '???? KIT KOMBI - SEM SENSOR', 'Sistema de automa????o para porta lateral da VW Kombi, proporcionando abertura autom??tica com seguran??a e conforto.', 1650, 'undefined', 'undefined', null, 10, undefined, '5e3830b4-f0b8-476f-8c9c-69510e0d6fe3', 0, null) ON CONFLICT (id) DO NOTHING;
INSERT INTO public.products (id, name, description, price, image_url, category_id, subcategory_id, stock, active, user_id, display_order, metadata) VALUES ('3f9cd773-b7c3-4c98-95f8-59ba011a56f2', '???? KIT KOMBI - COM SENSOR', 'Sistema de automa????o para porta lateral da VW Kombi, proporcionando abertura autom??tica com seguran??a e conforto.', 1850, 'undefined', 'undefined', null, 10, undefined, '5e3830b4-f0b8-476f-8c9c-69510e0d6fe3', 0, null) ON CONFLICT (id) DO NOTHING;
INSERT INTO public.products (id, name, description, price, image_url, category_id, subcategory_id, stock, active, user_id, display_order, metadata) VALUES ('0081987e-43b9-4e71-87ea-a3864a04a134', '???? KIT DUCATO - COM SENSOR', 'Sistema de automa????o para porta lateral da Fiat Ducato, proporcionando abertura autom??tica com seguran??a e conforto.', 1850, 'undefined', 'undefined', null, 10, undefined, '5e3830b4-f0b8-476f-8c9c-69510e0d6fe3', 0, null) ON CONFLICT (id) DO NOTHING;
INSERT INTO public.products (id, name, description, price, image_url, category_id, subcategory_id, stock, active, user_id, display_order, metadata) VALUES ('71c232be-b9c3-45e3-ae04-44499331b1cc', '???? KIT SPRINTER - COM SENSOR', 'Sistema de automa????o para porta lateral da Sprinter antiga.', 1850, 'undefined', 'undefined', null, 10, undefined, '5e3830b4-f0b8-476f-8c9c-69510e0d6fe3', 0, null) ON CONFLICT (id) DO NOTHING;
INSERT INTO public.products (id, name, description, price, image_url, category_id, subcategory_id, stock, active, user_id, display_order, metadata) VALUES ('c792e96b-a8d7-43fe-858f-37dc92f671bb', '???? KIT  DAILY - COM SENSOR', 'Kit completo para automa????o de porta lateral da Iveco Daily nova, garantindo praticidade e seguran??a no uso di??rio.', 1850, 'undefined', 'undefined', null, 10, undefined, '5e3830b4-f0b8-476f-8c9c-69510e0d6fe3', 0, null) ON CONFLICT (id) DO NOTHING;
INSERT INTO public.products (id, name, description, price, image_url, category_id, subcategory_id, stock, active, user_id, display_order, metadata) VALUES ('03c9354e-f473-45c8-b638-424745d5b105', '???? KIT MASTER - COM SENSOR', 'Sistema de automa????o para porta lateral da Renault Master nova, trazendo praticidade e seguran??a.', 1850, 'undefined', 'undefined', null, 10, undefined, '5e3830b4-f0b8-476f-8c9c-69510e0d6fe3', 0, null) ON CONFLICT (id) DO NOTHING;
INSERT INTO public.products (id, name, description, price, image_url, category_id, subcategory_id, stock, active, user_id, display_order, metadata) VALUES ('88f05d38-7b28-4a95-8d97-8103b0c6e8bd', '???? KIT JUMPER - COM SENSOR', 'Sistema de automa????o para porta lateral da Citroen Jumper, proporcionando abertura autom??tica com seguran??a e conforto.', 1850, 'undefined', 'undefined', null, 10, undefined, '5e3830b4-f0b8-476f-8c9c-69510e0d6fe3', 0, null) ON CONFLICT (id) DO NOTHING;
INSERT INTO public.products (id, name, description, price, image_url, category_id, subcategory_id, stock, active, user_id, display_order, metadata) VALUES ('c4c268d6-fce1-4cd9-a40c-602fa91a7540', '???? KIT BOXER - COM SENSOR', 'Sistema de automa????o para porta lateral da Peugeot Boxer, proporcionando abertura autom??tica com seguran??a e conforto.', 1850, 'undefined', 'undefined', null, 10, undefined, '5e3830b4-f0b8-476f-8c9c-69510e0d6fe3', 0, null) ON CONFLICT (id) DO NOTHING;
INSERT INTO public.products (id, name, description, price, image_url, category_id, subcategory_id, stock, active, user_id, display_order, metadata) VALUES ('b928ed10-92a0-40c9-ab20-8c7ea497f315', '???? KIT DUCATO - SEM SENSOR', 'Sistema de automa????o para porta lateral da Fiat Ducato, proporcionando abertura autom??tica com seguran??a e conforto.', 1650, 'undefined', 'undefined', null, 10, undefined, '5e3830b4-f0b8-476f-8c9c-69510e0d6fe3', 0, null) ON CONFLICT (id) DO NOTHING;
INSERT INTO public.products (id, name, description, price, image_url, category_id, subcategory_id, stock, active, user_id, display_order, metadata) VALUES ('b07bc6dc-e0ab-4d3b-8563-99d097e8a0e8', '???? KIT MASTER - SEM SENSOR', 'Sistema de automa????o para porta lateral da Renault Master nova, trazendo praticidade e seguran??a.', 1650, 'undefined', 'undefined', null, 10, undefined, '5e3830b4-f0b8-476f-8c9c-69510e0d6fe3', 0, null) ON CONFLICT (id) DO NOTHING;
